id,name,trigger_event,trigger_condition,required_control,required_by_role,timing,sla_days,params_json,applies_to_attribute,severity,gap_definition,default_broken_by_TP,default_broken_by_FP
R1,Methodology pre-approval,MethodologyChange,any,Approval,Committee (valuation),BEFORE,0,{},,high,"MethodologyChange with no Approval, or Approval.at > MethodologyChange.effectiveAt",true,false
R2,Post-change IPV,MethodologyChange,any,IPVReview,IPV team,AFTER,30,"{""slaDays"":30}",,medium,"No IPVReview on the Position within slaDays after MethodologyChange.effectiveAt",true,true
R3,Override beyond tolerance,PriceOverride,"abs(mark - model) > thresholdBps OR deviation > pctOfBidAsk",Approval AND IPVReview,Desk head + IPV,AFTER,5,"{""thresholdBps"":25,""pctOfBidAsk"":50}",,high,"PriceOverride above threshold without Approval within sla, or Approval without IPV challenge",true,false
R4,Recurring overrides,PriceOverride,"count(PriceOverride on same Position within windowDays) >= n",Escalation -> MAPReview,Risk / MAP,AFTER,10,"{""n"":3,""windowDays"":90}",,high,"Nth override in window with no Escalation within sla",true,true
R5,IPV divergence resolution,IPVReview,"divergence > divergenceBps",Escalation AND (Evidence of adjustment OR CHALLENGED_BY),IPV -> Risk,AFTER,10,"{""divergenceBps"":50}",,high,"IPVReview above threshold followed by neither adjustment Evidence nor challenge nor Escalation within sla",true,false
R6,Persistent unexplained P&L,PnLSignal,"unexplained > unexplainedThreshold for >= consecutiveDays",Control(attribution) AND Escalation,Finance / Product Control,AFTER,5,"{""unexplainedThreshold"":0.02,""consecutiveDays"":5}",,medium,"Persistent PnLSignal with no attribution Control recorded within sla",true,true
R7,Periodic review of illiquids,Position,"liquidityTier = 'illiquid'",MAPReview,MAP / Model validation,PERIODIC,365,"{""periodMonths"":12,""regimeSlaDays"":60}",liquidityTier=illiquid,medium,"Illiquid Position with no MAPReview in period, or no MAPReview within regimeSlaDays after a regime-break event",false,false
R8,Segregation of duties,Approval,any,approver <> position owner AND approver.desk <> position.desk,,STRUCTURAL,0,"{""sameDeskAllowed"":false}",,high,"(a:Approval)-[:APPROVED_BY]->(p) where p OWNS the Position or belongs to the same Desk",true,false
R9,Documentary evidence,Approval OR Escalation,any,EVIDENCED_BY -> Evidence,,STRUCTURAL,0,{},,medium,"Approval or Escalation node with no EVIDENCED_BY relationship",true,false
